{"cameraMode":{"drawMode":0,"name":"Shaded","section":"Shading Mode"},"sceneLighting":false,"audioPlay":false,"sceneViewState":{"showFog":true,"showMaterialUpdate":false,"showSkybox":true,"showFlares":true,"showImageEffects":true,"showParticleSystems":true},"in2DMode":false,"pivot":{"x":9.640000343322754,"y":2.890000104904175,"z":0.0},"rotation":{"x":0.06922577321529389,"y":-0.028747839853167535,"z":0.002003835281357169,"w":0.997184693813324},"size":12.756274223327637,"orthographic":false}