{"cameraMode":{"drawMode":0,"name":"Shaded","section":"Shading Mode"},"sceneLighting":false,"audioPlay":false,"sceneViewState":{"showFog":true,"showMaterialUpdate":false,"showSkybox":true,"showFlares":true,"showImageEffects":true,"showParticleSystems":true},"in2DMode":false,"pivot":{"x":-1.100006103515625,"y":16.64487075805664,"z":11.5},"rotation":{"x":0.06922577321529389,"y":-0.028747839853167535,"z":0.002003835281357169,"w":0.997184693813324},"size":1081.793212890625,"orthographic":false}