{"cameraMode":{"drawMode":0,"name":"Shaded","section":"Shading Mode"},"sceneLighting":false,"audioPlay":false,"sceneViewState":{"showFog":true,"showMaterialUpdate":false,"showSkybox":true,"showFlares":true,"showImageEffects":true,"showParticleSystems":true},"in2DMode":false,"pivot":{"x":-0.06454722583293915,"y":3.134906053543091,"z":-0.3275514245033264},"rotation":{"x":0.10213155299425125,"y":-0.000004409875600686064,"z":0.0000058857094700215388,"w":0.994770884513855},"size":3.8830912113189699,"orthographic":false}